task	problem	operator	written by	file
apps_124__search	200124	negate-cond	qwen2.5-coder-14b-apps-s1	pairs/apps_124__search.7042de3e6ac4bf85.json
apps_124__search	200124	collapse-if	qwen2.5-coder-14b-apps-s1	pairs/apps_124__search.e49011e3d22c3fa1.json
apps_2425__countSegments	202425	wrong-constant	qwen2.5-coder-14b-apps-s1	pairs/apps_2425__countSegments.1ebef08bec149da7.json
apps_2425__countSegments	202425	wrong-constant#1	qwen2.5-coder-14b-apps-s1	pairs/apps_2425__countSegments.eca4c66e4194a5d9.json
apps_2465__divisorGame	202465	collapse-if#1	qwen3-coder-30b-apps-s2	pairs/apps_2465__divisorGame.3e0e7a3d2d0b3c3e.json
apps_2465__divisorGame	202465	collapse-if	qwen3-coder-30b-apps-s2	pairs/apps_2465__divisorGame.f42ed8ae51178f59.json
apps_2510__canWinNim	202510	off-by-one	qwen3-coder-30b-apps-s2	pairs/apps_2510__canWinNim.14984d52572448fc.json
apps_2510__canWinNim	202510	off-by-one#1	qwen3-coder-30b-apps-s2	pairs/apps_2510__canWinNim.c2d207162fa819db.json
apps_2527__getSum	202527	wrong-var	qwen2.5-coder-14b-apps-s1	pairs/apps_2527__getSum.2311203b1cd349d9.json
apps_2527__getSum	202527	wrong-var#1	qwen2.5-coder-14b-apps-s1	pairs/apps_2527__getSum.927d7cfb2406169b.json
apps_2930__summation	202930	compare-flip	qwen3-coder-30b-apps-s2	pairs/apps_2930__summation.611e42a8f7de668a.json
apps_2930__summation	202930	boundary-swap	qwen3-coder-30b-apps-s2	pairs/apps_2930__summation.6442e880c475d743.json
apps_2933__solve	202933	compare-flip	qwen2.5-coder-14b-apps-s1	pairs/apps_2933__solve.45f06537876a5418.json
apps_2933__solve	202933	boundary-swap	qwen2.5-coder-14b-apps-s1	pairs/apps_2933__solve.d12d78ad3d43b0f0.json
apps_2935__is_vowel	202935	collapse-if#1	qwen3-coder-30b-apps-s2	pairs/apps_2935__is_vowel.4af6c22bda8843a4.json
apps_2935__is_vowel	202935	collapse-if	qwen3-coder-30b-apps-s2	pairs/apps_2935__is_vowel.f067a30e68938da1.json
apps_2992__switcheroo	202992	boundary-swap	qwen2.5-coder-14b-apps-s1	pairs/apps_2992__switcheroo.ecfdd1dfb8e36990.json
apps_2992__switcheroo	202992	compare-flip	qwen2.5-coder-14b-apps-s1	pairs/apps_2992__switcheroo.ee94b6c8ad219814.json
apps_3252__is_letter	203252	collapse-if#1	qwen3-coder-30b-apps-s2	pairs/apps_3252__is_letter.2ebc8269e5d87520.json
apps_3252__is_letter	203252	collapse-if	qwen3-coder-30b-apps-s2	pairs/apps_3252__is_letter.4403afd174724c32.json
apps_3286__enough	203286	off-by-one#1	qwen2.5-coder-14b-apps-s1	pairs/apps_3286__enough.3585c14cdcdff074.json
apps_3286__enough	203286	off-by-one	qwen2.5-coder-14b-apps-s1	pairs/apps_3286__enough.80efdd59abafd6e5.json
apps_3369__move	203369	off-by-one	qwen3-coder-30b-apps-s1	pairs/apps_3369__move.114b320fc15217c2.json
apps_3369__move	203369	off-by-one#1	qwen3-coder-30b-apps-s1	pairs/apps_3369__move.fd1dd476fe7cd771.json
apps_3381__get_real_floor	203381	collapse-if#2	qwen3-coder-30b-apps-g1	pairs/apps_3381__get_real_floor.297c005b92fa9240.json
apps_3381__get_real_floor	203381	collapse-if	qwen3-coder-30b-apps-g1	pairs/apps_3381__get_real_floor.9232bf5a4869e627.json
apps_3508__halving_sum	203508	boundary-swap	qwen3-coder-30b-apps-s1	pairs/apps_3508__halving_sum.5a135ea5a7907477.json
apps_3508__halving_sum	203508	off-by-one	qwen3-coder-30b-apps-s1	pairs/apps_3508__halving_sum.b23b759d376ac8ef.json
apps_3582__is_digit	203582	collapse-if#1	qwen3-coder-30b-apps-s1	pairs/apps_3582__is_digit.7da93cc65e27c4cf.json
apps_3582__is_digit	203582	collapse-if	qwen3-coder-30b-apps-s1	pairs/apps_3582__is_digit.efd3a1e65ed1ecb9.json
apps_3588__quadratic	203588	off-by-one#1	qwen3-coder-30b-apps-s1	pairs/apps_3588__quadratic.5c9ffd4f4328162c.json
apps_3588__quadratic	203588	off-by-one	qwen3-coder-30b-apps-s1	pairs/apps_3588__quadratic.c8c4f59bcc4ac7b7.json
apps_3779__past	203779	off-by-one	qwen3-coder-30b-apps-s1	pairs/apps_3779__past.2651c3ae37cf1f5a.json
apps_3779__past	203779	off-by-one#1	qwen3-coder-30b-apps-s1	pairs/apps_3779__past.424faf948ed07cf2.json
apps_3779__past	203779	off-by-one#1	qwen3-coder-30b-apps-g1	pairs/apps_3779__past.91a93f3779d6de4a.json
apps_3779__past	203779	off-by-one	qwen3-coder-30b-apps-g1	pairs/apps_3779__past.a6a053cd0f77d020.json
apps_3795__combat	203795	collapse-if	qwen3-coder-30b-apps-s1	pairs/apps_3795__combat.c89eb919a5230043.json
apps_3795__combat	203795	negate-cond	qwen3-coder-30b-apps-s1	pairs/apps_3795__combat.e1eb5eba63a3e38c.json
apps_3831__angle	203831	off-by-one#1	qwen3-coder-30b-apps-s1	pairs/apps_3831__angle.d335b14ca2c1a231.json
apps_3831__angle	203831	off-by-one	qwen3-coder-30b-apps-s1	pairs/apps_3831__angle.f0a6a1bf98765a77.json
apps_3876__find	203876	collapse-if	qwen3-coder-30b-apps-s1	pairs/apps_3876__find.542bdbb95da32a77.json
apps_3876__find	203876	negate-cond	qwen3-coder-30b-apps-s1	pairs/apps_3876__find.9959c0d384ebb5f6.json
apps_4017__add	204017	wrong-var#1	qwen3-coder-30b-apps-s1	pairs/apps_4017__add.ccfb9a4971614cc2.json
apps_4017__add	204017	wrong-var	qwen3-coder-30b-apps-s1	pairs/apps_4017__add.ced49b0ee1c25930.json
apps_4280__area_largest_square	204280	off-by-one	qwen3-coder-30b-apps-s1	pairs/apps_4280__area_largest_square.0473ff904ea661d5.json
apps_4280__area_largest_square	204280	off-by-one#1	qwen3-coder-30b-apps-s1	pairs/apps_4280__area_largest_square.43bebc8f225a3ca2.json
apps_4360__get_score	204360	off-by-one	qwen3-coder-30b-apps-s1	pairs/apps_4360__get_score.62340bea3591b10b.json
apps_4360__get_score	204360	off-by-one#1	qwen3-coder-30b-apps-s1	pairs/apps_4360__get_score.b3931a3c9ba5ba2e.json
apps_4367__area_or_perimeter	204367	negate-cond	qwen3-coder-30b-apps-s1	pairs/apps_4367__area_or_perimeter.33932c7bc8f33998.json
apps_4367__area_or_perimeter	204367	collapse-if	qwen3-coder-30b-apps-s1	pairs/apps_4367__area_or_perimeter.9dd82382ada13d81.json
apps_4380__remove_chars	204380	negate-cond	qwen3-coder-30b-apps-s1	pairs/apps_4380__remove_chars.92f71056f8f4fd82.json
apps_4380__remove_chars	204380	collapse-if	qwen3-coder-30b-apps-s1	pairs/apps_4380__remove_chars.b94943afe88a712f.json
apps_4459__nth_even	204459	off-by-one	qwen3-coder-30b-apps-s1	pairs/apps_4459__nth_even.5835d65f1c017910.json
apps_4459__nth_even	204459	off-by-one#1	qwen3-coder-30b-apps-s1	pairs/apps_4459__nth_even.c2d6f9bab3283752.json
apps_4481__not_visible_cubes	204481	negate-cond	qwen3-coder-30b-apps-s1	pairs/apps_4481__not_visible_cubes.01b8159f9f66ed5b.json
apps_4481__not_visible_cubes	204481	collapse-if	qwen3-coder-30b-apps-s1	pairs/apps_4481__not_visible_cubes.6db5ed1d0bcd1896.json
apps_4573__over_the_road	204573	off-by-one#1	qwen3-coder-30b-apps-s1	pairs/apps_4573__over_the_road.9d70a7e0f56dc89e.json
apps_4573__over_the_road	204573	off-by-one	qwen3-coder-30b-apps-s1	pairs/apps_4573__over_the_road.b1e2a898914ece83.json
he_41__car_race_collision	100041	wrong-constant	qwen2.5-coder-14b-he-s1	pairs/he_41__car_race_collision.1412696ec767bbcb.json
he_41__car_race_collision	100041	wrong-constant#1	qwen2.5-coder-14b-he-s1	pairs/he_41__car_race_collision.e12712e8aae66cde.json
he_42__incr_list	100042	boundary-swap	qwen2.5-coder-14b-he-s1	pairs/he_42__incr_list.20487c780ce69020.json
he_42__incr_list	100042	compare-flip	qwen2.5-coder-14b-he-s1	pairs/he_42__incr_list.9dbba338e2b61770.json
mbpp_112__perimeter	112	off-by-one#1	qwen2.5-coder-14b-v3-s7	pairs/mbpp_112__perimeter.004fda95f050703d.json
mbpp_112__perimeter	112	off-by-one	qwen3.8-27b-fp8	pairs/mbpp_112__perimeter.0b4f39ec3cbe8017.json
mbpp_112__perimeter	112	off-by-one#1	qwen2.5-coder-14b-v3-s3	pairs/mbpp_112__perimeter.0cdb2ec0dab84042.json
mbpp_112__perimeter	112	off-by-one#1	qwen3.8-27b-fp8	pairs/mbpp_112__perimeter.203d594bc8d28365.json
mbpp_112__perimeter	112	off-by-one#1	qwen3.8-27b-fp8-v3	pairs/mbpp_112__perimeter.3f76c9171dab7c29.json
mbpp_112__perimeter	112	off-by-one	qwen3.8-27b-fp8-v3	pairs/mbpp_112__perimeter.46b2d29952cb1486.json
mbpp_112__perimeter	112	off-by-one#1	qwen3.8-27b-fp8-v3-s2	pairs/mbpp_112__perimeter.560f0630e554b513.json
mbpp_112__perimeter	112	off-by-one#1	qwen2.5-coder-14b-v3-s1	pairs/mbpp_112__perimeter.5dd0d4682bfcf291.json
mbpp_112__perimeter	112	off-by-one	qwen2.5-coder-14b-v3-s7	pairs/mbpp_112__perimeter.77f39b54689354a3.json
mbpp_112__perimeter	112	off-by-one	qwen2.5-coder-14b-v3-s3	pairs/mbpp_112__perimeter.a7a416f460ffa6e9.json
mbpp_112__perimeter	112	off-by-one	qwen3.8-27b-fp8-v3-s2	pairs/mbpp_112__perimeter.acb4adf3d6ab1fed.json
mbpp_112__perimeter	112	off-by-one	qwen2.5-coder-14b-v3-s1	pairs/mbpp_112__perimeter.ae7ac5ff20517cfd.json
mbpp_112__perimeter	112	off-by-one#1	deepseek-coder-v2-16b-v4-s1	pairs/mbpp_112__perimeter.d0597c4340be28e9.json
mbpp_112__perimeter	112	off-by-one	deepseek-coder-v2-16b-v4-s1	pairs/mbpp_112__perimeter.d5b4c87da730b7bb.json
mbpp_127__multiply_int	127	compare-flip	qwen2.5-coder-14b-v3-s6	pairs/mbpp_127__multiply_int.59871f0d2d44f785.json
mbpp_127__multiply_int	127	boundary-swap	qwen2.5-coder-14b-v3-s6	pairs/mbpp_127__multiply_int.b630a2742a1ead11.json
mbpp_127__multiply_int	127	compare-flip	qwen2.5-coder-14b-v3-s5	pairs/mbpp_127__multiply_int.c916748e87058708.json
mbpp_127__multiply_int	127	boundary-swap	qwen2.5-coder-14b-v3-s5	pairs/mbpp_127__multiply_int.e4fdd1e4e3f2f88b.json
mbpp_135__hexagonal_num	135	off-by-one#1	deepseek-coder-v2-16b-v4-s1	pairs/mbpp_135__hexagonal_num.2c3d913d5e47690e.json
mbpp_135__hexagonal_num	135	off-by-one	qwen3.8-27b-fp8	pairs/mbpp_135__hexagonal_num.35b53f496990d458.json
mbpp_135__hexagonal_num	135	off-by-one#1	qwen3.8-27b-fp8-v3-s2	pairs/mbpp_135__hexagonal_num.6523a4e8482041ff.json
mbpp_135__hexagonal_num	135	off-by-one	deepseek-coder-v2-16b-v4-s1	pairs/mbpp_135__hexagonal_num.6588348f9d668b50.json
mbpp_135__hexagonal_num	135	off-by-one	qwen3.8-27b-fp8-v3-s2	pairs/mbpp_135__hexagonal_num.6db07db2f494b230.json
mbpp_135__hexagonal_num	135	off-by-one#1	qwen2.5-coder-14b-v3-s1	pairs/mbpp_135__hexagonal_num.d6abbc8d4e7d56b8.json
mbpp_135__hexagonal_num	135	off-by-one#1	qwen3.8-27b-fp8	pairs/mbpp_135__hexagonal_num.d739e157b4b9e477.json
mbpp_135__hexagonal_num	135	off-by-one	qwen2.5-coder-14b-v3-s1	pairs/mbpp_135__hexagonal_num.e27915b0f551c7aa.json
mbpp_171__perimeter_pentagon	171	off-by-one#1	qwen3.8-27b-fp8	pairs/mbpp_171__perimeter_pentagon.2e9da3ecf34bcaf1.json
mbpp_171__perimeter_pentagon	171	off-by-one#1	deepseek-coder-v2-16b-v4-s1	pairs/mbpp_171__perimeter_pentagon.2f55ae1e79d6e403.json
mbpp_171__perimeter_pentagon	171	off-by-one#1	qwen2.5-coder-14b-v3-s7	pairs/mbpp_171__perimeter_pentagon.3318a1123f3b0bcd.json
mbpp_171__perimeter_pentagon	171	off-by-one	qwen2.5-coder-14b-v3-s2	pairs/mbpp_171__perimeter_pentagon.40c90d8ec583ccab.json
mbpp_171__perimeter_pentagon	171	off-by-one	qwen2.5-coder-14b-v3-s7	pairs/mbpp_171__perimeter_pentagon.44e6cac658a410a5.json
mbpp_171__perimeter_pentagon	171	off-by-one#1	qwen2.5-coder-14b-v3-s2	pairs/mbpp_171__perimeter_pentagon.7ac46b32f34d43d1.json
mbpp_171__perimeter_pentagon	171	off-by-one	qwen3.8-27b-fp8	pairs/mbpp_171__perimeter_pentagon.7ef52b61594ac6a1.json
mbpp_171__perimeter_pentagon	171	off-by-one	qwen3.8-27b-fp8-v3-s2	pairs/mbpp_171__perimeter_pentagon.a5c517bfc5ad893e.json
mbpp_171__perimeter_pentagon	171	off-by-one#1	qwen3.8-27b-fp8-v3-s2	pairs/mbpp_171__perimeter_pentagon.cedfd8beaa97344b.json
mbpp_171__perimeter_pentagon	171	off-by-one	deepseek-coder-v2-16b-v4-s1	pairs/mbpp_171__perimeter_pentagon.e805d0a474204d42.json
mbpp_171__perimeter_pentagon	171	off-by-one	qwen2.5-coder-14b-v3-s1	pairs/mbpp_171__perimeter_pentagon.ebc598640d34a753.json
mbpp_171__perimeter_pentagon	171	off-by-one#1	qwen2.5-coder-14b-v3-s1	pairs/mbpp_171__perimeter_pentagon.f381526235b835bc.json
mbpp_173__remove_splchar	173	negate-cond	deepseek-coder-v2-16b-v4-s1	pairs/mbpp_173__remove_splchar.1af57c04e13eec63.json
mbpp_173__remove_splchar	173	collapse-if	deepseek-coder-v2-16b-v4-s1	pairs/mbpp_173__remove_splchar.389c364aeed5fe0f.json
mbpp_173__remove_splchar	173	negate-cond	qwen2.5-coder-14b-v3-s5	pairs/mbpp_173__remove_splchar.925da56322ca25ab.json
mbpp_173__remove_splchar	173	collapse-if	qwen2.5-coder-14b-v3-s5	pairs/mbpp_173__remove_splchar.a2e0e2a7e708d3d6.json
mbpp_176__perimeter_triangle	176	wrong-var#1	qwen3.8-27b-fp8	pairs/mbpp_176__perimeter_triangle.42f8de6a2a7da913.json
mbpp_176__perimeter_triangle	176	wrong-var#1	qwen2.5-coder-14b-v3-s4	pairs/mbpp_176__perimeter_triangle.513d9233a0e6d8b5.json
mbpp_176__perimeter_triangle	176	wrong-var	qwen3.8-27b-fp8	pairs/mbpp_176__perimeter_triangle.84d0da43b202e927.json
mbpp_176__perimeter_triangle	176	wrong-var	qwen2.5-coder-14b-v3-s4	pairs/mbpp_176__perimeter_triangle.964e2bb9ed54ef40.json
mbpp_17__square_perimeter	17	off-by-one#1	qwen3.8-27b-fp8-v3-s2	pairs/mbpp_17__square_perimeter.0fd16e595328383d.json
mbpp_17__square_perimeter	17	off-by-one	deepseek-coder-v2-16b-v4-s1	pairs/mbpp_17__square_perimeter.1a033cdaf5c78495.json
mbpp_17__square_perimeter	17	off-by-one	qwen3.8-27b-fp8	pairs/mbpp_17__square_perimeter.43f14da70f1a4e31.json
mbpp_17__square_perimeter	17	off-by-one#1	qwen3.8-27b-fp8	pairs/mbpp_17__square_perimeter.81e6be9a3a77e027.json
mbpp_17__square_perimeter	17	off-by-one	qwen3.8-27b-fp8-v3-s2	pairs/mbpp_17__square_perimeter.8420900c9c14cbb7.json
mbpp_17__square_perimeter	17	off-by-one#1	deepseek-coder-v2-16b-v4-s1	pairs/mbpp_17__square_perimeter.a6249562e595751e.json
mbpp_190__count_Intgral_Points	190	negate-cond	qwen3.8-27b-fp8-v3	pairs/mbpp_190__count_Intgral_Points.0e032f3720db6ea4.json
mbpp_190__count_Intgral_Points	190	collapse-if	qwen3.8-27b-fp8-v3	pairs/mbpp_190__count_Intgral_Points.a70b9d65e0269f86.json
mbpp_195__first	195	collapse-if	qwen2.5-coder-14b-v3-s4	pairs/mbpp_195__first.0f1489cd28f1d154.json
mbpp_195__first	195	negate-cond	qwen3.8-27b-fp8	pairs/mbpp_195__first.239b086c01d970c5.json
mbpp_195__first	195	negate-cond	qwen2.5-coder-14b-v3-s4	pairs/mbpp_195__first.64233fbf7c63d1ce.json
mbpp_195__first	195	negate-cond	qwen3.8-27b-fp8-v3	pairs/mbpp_195__first.757ca5e1a77e7a81.json
mbpp_195__first	195	negate-cond	qwen2.5-coder-14b-v3-s1	pairs/mbpp_195__first.838f9ef6336b0a98.json
mbpp_195__first	195	collapse-if	qwen3.8-27b-fp8	pairs/mbpp_195__first.8e0f814d01d39e48.json
mbpp_195__first	195	collapse-if	qwen3.8-27b-fp8-v3	pairs/mbpp_195__first.b192081f5f40c2f8.json
mbpp_195__first	195	collapse-if	qwen2.5-coder-14b-v3-s1	pairs/mbpp_195__first.f164d21edc6a6488.json
mbpp_210__is_allowed_specific_char	210	negate-cond	qwen2.5-coder-14b-v3-s1	pairs/mbpp_210__is_allowed_specific_char.3768bf3383d53456.json
mbpp_210__is_allowed_specific_char	210	collapse-if	qwen2.5-coder-14b-v3-s1	pairs/mbpp_210__is_allowed_specific_char.3cdf6d900d349149.json
mbpp_210__is_allowed_specific_char	210	negate-cond	qwen2.5-coder-14b-v3-s7	pairs/mbpp_210__is_allowed_specific_char.8068c5f5fecbd789.json
mbpp_210__is_allowed_specific_char	210	collapse-if	qwen2.5-coder-14b-v3-s7	pairs/mbpp_210__is_allowed_specific_char.855af7427314898e.json
mbpp_227__min_of_three	227	collapse-if#1	qwen2.5-coder-14b-v3-s6	pairs/mbpp_227__min_of_three.076783e366897827.json
mbpp_227__min_of_three	227	collapse-if	qwen2.5-coder-14b-v3-s6	pairs/mbpp_227__min_of_three.1073bab8df6b83eb.json
mbpp_227__min_of_three	227	collapse-if#1	qwen2.5-coder-14b-v3-s4	pairs/mbpp_227__min_of_three.47f18d7cac6a21aa.json
mbpp_227__min_of_three	227	collapse-if	qwen2.5-coder-14b-v3-s2	pairs/mbpp_227__min_of_three.738e72185d1b1c8c.json
mbpp_227__min_of_three	227	collapse-if	qwen2.5-coder-14b-v3-s3	pairs/mbpp_227__min_of_three.81fec82a6e04e7cf.json
mbpp_227__min_of_three	227	collapse-if	qwen2.5-coder-14b-v3-s5	pairs/mbpp_227__min_of_three.852d198b6d4dd4be.json
mbpp_227__min_of_three	227	collapse-if	qwen3.8-27b-fp8	pairs/mbpp_227__min_of_three.896f75722d30f563.json
mbpp_227__min_of_three	227	collapse-if#1	qwen2.5-coder-14b-v3-s1	pairs/mbpp_227__min_of_three.906a3d306dffa497.json
mbpp_227__min_of_three	227	collapse-if	qwen2.5-coder-14b-v3-s1	pairs/mbpp_227__min_of_three.a426171554a71e2c.json
mbpp_227__min_of_three	227	collapse-if	deepseek-coder-v2-16b-v4-s1	pairs/mbpp_227__min_of_three.a7c1f395986692cf.json
mbpp_227__min_of_three	227	collapse-if#1	qwen2.5-coder-14b-v3-s5	pairs/mbpp_227__min_of_three.ab156d33a4ab836f.json
mbpp_227__min_of_three	227	collapse-if#1	qwen2.5-coder-14b-v3-s3	pairs/mbpp_227__min_of_three.d10f28026253f231.json
mbpp_227__min_of_three	227	collapse-if#1	qwen3.8-27b-fp8	pairs/mbpp_227__min_of_three.dd38bec65f29d224.json
mbpp_227__min_of_three	227	collapse-if	qwen2.5-coder-14b-v3-s4	pairs/mbpp_227__min_of_three.e6c2a333f1e4a148.json
mbpp_227__min_of_three	227	collapse-if#1	qwen2.5-coder-14b-v3-s2	pairs/mbpp_227__min_of_three.ee46abfe4bd8ecdf.json
mbpp_227__min_of_three	227	collapse-if#1	deepseek-coder-v2-16b-v4-s1	pairs/mbpp_227__min_of_three.f47940116ec8a1e5.json
mbpp_230__replace_blank	230	negate-cond	qwen3.8-27b-fp8-v3-s2	pairs/mbpp_230__replace_blank.25e04ee593fac719.json
mbpp_230__replace_blank	230	collapse-if	qwen3.8-27b-fp8-v3-s2	pairs/mbpp_230__replace_blank.3c648e79460ab31d.json
mbpp_230__replace_blank	230	collapse-if	qwen3.8-27b-fp8-v3	pairs/mbpp_230__replace_blank.40dd24df8944e6a8.json
mbpp_230__replace_blank	230	negate-cond	qwen3.8-27b-fp8-v3	pairs/mbpp_230__replace_blank.c6c41fa0f3534bfc.json
mbpp_234__volume_cube	234	wrong-constant	qwen2.5-coder-14b-v3-s1	pairs/mbpp_234__volume_cube.0efdc9344e06e3e3.json
mbpp_234__volume_cube	234	wrong-constant	qwen3.8-27b-fp8	pairs/mbpp_234__volume_cube.1dc985d0bab39101.json
mbpp_234__volume_cube	234	wrong-constant#1	qwen2.5-coder-14b-v3-s1	pairs/mbpp_234__volume_cube.55302e907d29a3c2.json
mbpp_234__volume_cube	234	wrong-constant	qwen3.8-27b-fp8-v3-s2	pairs/mbpp_234__volume_cube.6dbf51c8208ef583.json
mbpp_234__volume_cube	234	wrong-constant#1	deepseek-coder-v2-16b-v4-s1	pairs/mbpp_234__volume_cube.80f17be51f7ce726.json
mbpp_234__volume_cube	234	wrong-constant#1	qwen3.8-27b-fp8-v3-s2	pairs/mbpp_234__volume_cube.a771e48caefd6de0.json
mbpp_234__volume_cube	234	wrong-constant#1	qwen3.8-27b-fp8	pairs/mbpp_234__volume_cube.adc131be4aa1e0b9.json
mbpp_234__volume_cube	234	wrong-constant	deepseek-coder-v2-16b-v4-s1	pairs/mbpp_234__volume_cube.d3943f85e06ccad7.json
mbpp_234__volume_cube	234	wrong-constant	qwen2.5-coder-14b-v3-s7	pairs/mbpp_234__volume_cube.d5eb7ef84bbbf6d3.json
mbpp_234__volume_cube	234	wrong-constant#1	qwen2.5-coder-14b-v3-s7	pairs/mbpp_234__volume_cube.f5e72e7dbe33d4f6.json
mbpp_238__number_of_substrings	238	boundary-swap	qwen2.5-coder-14b-v3-s7	pairs/mbpp_238__number_of_substrings.0b84be7a85759255.json
mbpp_238__number_of_substrings	238	boundary-swap	deepseek-coder-v2-16b-v4-s1	pairs/mbpp_238__number_of_substrings.1ae8850da6265b11.json
mbpp_238__number_of_substrings	238	boundary-swap	qwen2.5-coder-14b-v3-s6-fix1	pairs/mbpp_238__number_of_substrings.4f0b9921ff585d7c.json
mbpp_238__number_of_substrings	238	compare-flip	qwen2.5-coder-14b-v3-s7	pairs/mbpp_238__number_of_substrings.6c8b659e7b50af54.json
mbpp_238__number_of_substrings	238	off-by-one	qwen2.5-coder-14b-v3-s1	pairs/mbpp_238__number_of_substrings.75c41351f88c6809.json
mbpp_238__number_of_substrings	238	compare-flip	qwen2.5-coder-14b-v3-s6-fix1	pairs/mbpp_238__number_of_substrings.9ed9f3d533250e7b.json
mbpp_238__number_of_substrings	238	off-by-one#1	qwen2.5-coder-14b-v3-s1	pairs/mbpp_238__number_of_substrings.d2ad12bdd503655d.json
mbpp_238__number_of_substrings	238	compare-flip	deepseek-coder-v2-16b-v4-s1	pairs/mbpp_238__number_of_substrings.f7e111aec66f453c.json
mbpp_264__dog_age	264	off-by-one	qwen3.8-27b-fp8	pairs/mbpp_264__dog_age.898bb92732ac122f.json
mbpp_264__dog_age	264	off-by-one#1	qwen3.8-27b-fp8	pairs/mbpp_264__dog_age.90ae6a0d5beb7bf2.json
mbpp_266__lateralsurface_cube	266	off-by-one#1	qwen3.8-27b-fp8	pairs/mbpp_266__lateralsurface_cube.2ae570063204f871.json
mbpp_266__lateralsurface_cube	266	off-by-one	qwen2.5-coder-14b-v3-s2	pairs/mbpp_266__lateralsurface_cube.44ce9a43f2d2055a.json
mbpp_266__lateralsurface_cube	266	off-by-one#1	qwen3.8-27b-fp8-v3	pairs/mbpp_266__lateralsurface_cube.56b9f09b6f961003.json
mbpp_266__lateralsurface_cube	266	off-by-one#1	deepseek-coder-v2-16b-v4-s1	pairs/mbpp_266__lateralsurface_cube.6ca3f9e418ee6732.json
mbpp_266__lateralsurface_cube	266	off-by-one	qwen3.8-27b-fp8-v3	pairs/mbpp_266__lateralsurface_cube.6f129530ba0c4ec7.json
mbpp_266__lateralsurface_cube	266	off-by-one#1	qwen2.5-coder-14b-v3-s2	pairs/mbpp_266__lateralsurface_cube.8770d4a1db9289d8.json
mbpp_266__lateralsurface_cube	266	off-by-one	qwen3.8-27b-fp8	pairs/mbpp_266__lateralsurface_cube.a4a5182f7ad972fb.json
mbpp_266__lateralsurface_cube	266	off-by-one	qwen2.5-coder-14b-v3-s5	pairs/mbpp_266__lateralsurface_cube.b6f661eb77de62e4.json
mbpp_266__lateralsurface_cube	266	off-by-one	deepseek-coder-v2-16b-v4-s1	pairs/mbpp_266__lateralsurface_cube.c1c7dd2d3671dae2.json
mbpp_266__lateralsurface_cube	266	off-by-one#1	qwen2.5-coder-14b-v3-s5	pairs/mbpp_266__lateralsurface_cube.e12ef2e47672c718.json
mbpp_266__lateralsurface_cube	266	off-by-one#1	qwen2.5-coder-14b-v3-s1	pairs/mbpp_266__lateralsurface_cube.f11bfacff37743f9.json
mbpp_266__lateralsurface_cube	266	off-by-one	qwen2.5-coder-14b-v3-s1	pairs/mbpp_266__lateralsurface_cube.f1e904837b8c782e.json
mbpp_268__find_star_num	268	off-by-one#1	deepseek-coder-v2-16b-v4-s1	pairs/mbpp_268__find_star_num.238c5175cff160ce.json
mbpp_268__find_star_num	268	off-by-one#1	qwen3.8-27b-fp8	pairs/mbpp_268__find_star_num.39aea9abf90238ee.json
mbpp_268__find_star_num	268	off-by-one	qwen3.8-27b-fp8-v3-s2	pairs/mbpp_268__find_star_num.49bceafbec224a91.json
mbpp_268__find_star_num	268	off-by-one	qwen3.8-27b-fp8	pairs/mbpp_268__find_star_num.9a8eeac8f99e9451.json
mbpp_268__find_star_num	268	off-by-one	qwen2.5-coder-14b-v3-s3	pairs/mbpp_268__find_star_num.ade8d9e1bb19afc7.json
mbpp_268__find_star_num	268	off-by-one#1	qwen3.8-27b-fp8-v3-s2	pairs/mbpp_268__find_star_num.b6ebc673144beabb.json
mbpp_268__find_star_num	268	off-by-one	deepseek-coder-v2-16b-v4-s1	pairs/mbpp_268__find_star_num.d5a9d850d6de6357.json
mbpp_268__find_star_num	268	off-by-one#1	qwen2.5-coder-14b-v3-s3	pairs/mbpp_268__find_star_num.e4680a7066ea3b0d.json
mbpp_279__is_num_decagonal	279	off-by-one#1	qwen3.8-27b-fp8	pairs/mbpp_279__is_num_decagonal.23a9b58b9ec7d8eb.json
mbpp_279__is_num_decagonal	279	off-by-one#1	qwen3.8-27b-fp8-v3	pairs/mbpp_279__is_num_decagonal.4ca63cc4bd290d9c.json
mbpp_279__is_num_decagonal	279	off-by-one	deepseek-coder-v2-16b-v4-s1	pairs/mbpp_279__is_num_decagonal.7f404e9af08e42dc.json
mbpp_279__is_num_decagonal	279	off-by-one#1	qwen2.5-coder-14b-v3-s1	pairs/mbpp_279__is_num_decagonal.87a0f270091ddc99.json
mbpp_279__is_num_decagonal	279	off-by-one	qwen2.5-coder-14b-v3-s1	pairs/mbpp_279__is_num_decagonal.98545a7a9b1d145b.json
mbpp_279__is_num_decagonal	279	off-by-one	qwen3.8-27b-fp8	pairs/mbpp_279__is_num_decagonal.c37f4c0fd5b19ac5.json
mbpp_279__is_num_decagonal	279	off-by-one#1	deepseek-coder-v2-16b-v4-s1	pairs/mbpp_279__is_num_decagonal.e3fa40d5c0e83183.json
mbpp_279__is_num_decagonal	279	off-by-one	qwen3.8-27b-fp8-v3	pairs/mbpp_279__is_num_decagonal.ff5435f2f8f1cd70.json
mbpp_282__sub_list	282	compare-flip	qwen2.5-coder-14b-v3-s8	pairs/mbpp_282__sub_list.0c89a091e78cbccf.json
mbpp_282__sub_list	282	boundary-swap	qwen3.8-27b-fp8-v3	pairs/mbpp_282__sub_list.14340e3e1fa16af5.json
mbpp_282__sub_list	282	compare-flip	qwen3.8-27b-fp8-v3	pairs/mbpp_282__sub_list.35f36bca02b854eb.json
mbpp_282__sub_list	282	boundary-swap	qwen2.5-coder-14b-v3-s8	pairs/mbpp_282__sub_list.93f84d493e8eb85b.json
mbpp_309__maximum	309	collapse-if	qwen3.8-27b-fp8	pairs/mbpp_309__maximum.2b56f09fe71b53a4.json
mbpp_309__maximum	309	collapse-if	qwen2.5-coder-14b-v3-s5	pairs/mbpp_309__maximum.8583f56f9d4dd224.json
mbpp_309__maximum	309	negate-cond	qwen2.5-coder-14b-v3-s5	pairs/mbpp_309__maximum.bf4ef91d45f99c17.json
mbpp_309__maximum	309	negate-cond	qwen3.8-27b-fp8	pairs/mbpp_309__maximum.d481d7ed453d83fd.json
mbpp_316__find_last_occurrence	316	negate-cond	qwen3.8-27b-fp8-v3	pairs/mbpp_316__find_last_occurrence.76b1f790cfbf4c53.json
mbpp_316__find_last_occurrence	316	collapse-if	qwen3.8-27b-fp8-v3-s2	pairs/mbpp_316__find_last_occurrence.f2c7b1aec4722fb2.json
mbpp_316__find_last_occurrence	316	collapse-if	qwen3.8-27b-fp8-v3	pairs/mbpp_316__find_last_occurrence.fd76c620b20a0e59.json
mbpp_316__find_last_occurrence	316	negate-cond	qwen3.8-27b-fp8-v3-s2	pairs/mbpp_316__find_last_occurrence.fe3df7472b2439f6.json
mbpp_354__tn_ap	354	off-by-one#1	qwen3.8-27b-fp8	pairs/mbpp_354__tn_ap.ea46a80563d4ddf8.json
mbpp_354__tn_ap	354	off-by-one	qwen3.8-27b-fp8	pairs/mbpp_354__tn_ap.fd5513feb8b347ec.json
mbpp_356__find_angle	356	off-by-one#1	deepseek-coder-v2-16b-v4-s1	pairs/mbpp_356__find_angle.3a225e5c9d430695.json
mbpp_356__find_angle	356	off-by-one#1	deepseek-coder-v2-16b-v4-s2	pairs/mbpp_356__find_angle.4067b1bfcd3e16bf.json
mbpp_356__find_angle	356	off-by-one#1	qwen3.8-27b-fp8	pairs/mbpp_356__find_angle.59cf665bf8069dcd.json
mbpp_356__find_angle	356	off-by-one	qwen3.8-27b-fp8	pairs/mbpp_356__find_angle.64cf0d1fbeb998ba.json
mbpp_356__find_angle	356	off-by-one#1	qwen2.5-coder-14b-v3-s4	pairs/mbpp_356__find_angle.7c42888a24295af4.json
mbpp_356__find_angle	356	off-by-one	qwen2.5-coder-14b-v3-s1	pairs/mbpp_356__find_angle.898e5ee9033daf1d.json
mbpp_356__find_angle	356	off-by-one#1	qwen2.5-coder-14b-v3-s1	pairs/mbpp_356__find_angle.940fa3df07451be2.json
mbpp_356__find_angle	356	off-by-one	qwen2.5-coder-14b-v3-s4	pairs/mbpp_356__find_angle.a662af1a20bee58a.json
mbpp_356__find_angle	356	off-by-one	deepseek-coder-v2-16b-v4-s1	pairs/mbpp_356__find_angle.aea0233841b86529.json
mbpp_356__find_angle	356	off-by-one	deepseek-coder-v2-16b-v4-s2	pairs/mbpp_356__find_angle.c1ffa828926eb87e.json
mbpp_35__find_rect_num	35	off-by-one#1	qwen3.8-27b-fp8	pairs/mbpp_35__find_rect_num.1a14600df594ac7d.json
mbpp_35__find_rect_num	35	off-by-one#1	qwen2.5-coder-14b-v3-s1	pairs/mbpp_35__find_rect_num.2badb6a75732e5a8.json
mbpp_35__find_rect_num	35	off-by-one#1	qwen3.8-27b-fp8-v3	pairs/mbpp_35__find_rect_num.7d4438c6f36fc2ff.json
mbpp_35__find_rect_num	35	off-by-one	qwen3.8-27b-fp8	pairs/mbpp_35__find_rect_num.b86faea781cbb15a.json
mbpp_35__find_rect_num	35	off-by-one	qwen3.8-27b-fp8-v3	pairs/mbpp_35__find_rect_num.d0feaa71a49d063c.json
mbpp_35__find_rect_num	35	off-by-one	qwen2.5-coder-14b-v3-s1	pairs/mbpp_35__find_rect_num.ed7623fea96c52f5.json
mbpp_369__lateralsurface_cuboid	369	off-by-one#1	deepseek-coder-v2-16b-v4-s2	pairs/mbpp_369__lateralsurface_cuboid.0d64410ef1fd6eb0.json
mbpp_369__lateralsurface_cuboid	369	off-by-one#1	qwen2.5-coder-14b-v3-s1	pairs/mbpp_369__lateralsurface_cuboid.139b6ce07fb716a7.json
mbpp_369__lateralsurface_cuboid	369	off-by-one	deepseek-coder-v2-16b-v4-s2	pairs/mbpp_369__lateralsurface_cuboid.1609b235c06b52f9.json
mbpp_369__lateralsurface_cuboid	369	off-by-one#1	qwen2.5-coder-14b-v3-s2	pairs/mbpp_369__lateralsurface_cuboid.2c7702728ba2129b.json
mbpp_369__lateralsurface_cuboid	369	off-by-one	qwen3.8-27b-fp8-v3	pairs/mbpp_369__lateralsurface_cuboid.38c57e2f5adcd8aa.json
mbpp_369__lateralsurface_cuboid	369	off-by-one	qwen3.8-27b-fp8	pairs/mbpp_369__lateralsurface_cuboid.770a8b953960e7de.json
mbpp_369__lateralsurface_cuboid	369	off-by-one	qwen2.5-coder-14b-v3-s7	pairs/mbpp_369__lateralsurface_cuboid.9c2586baeb5f3c44.json
mbpp_369__lateralsurface_cuboid	369	off-by-one	qwen2.5-coder-14b-v3-s2	pairs/mbpp_369__lateralsurface_cuboid.a5228053aab0e217.json
mbpp_369__lateralsurface_cuboid	369	off-by-one	qwen2.5-coder-14b-v3-s3	pairs/mbpp_369__lateralsurface_cuboid.d2a1a13382caa3b0.json
mbpp_369__lateralsurface_cuboid	369	off-by-one#1	qwen2.5-coder-14b-v3-s3	pairs/mbpp_369__lateralsurface_cuboid.db7ab2f1a13fa251.json
mbpp_369__lateralsurface_cuboid	369	off-by-one#1	qwen3.8-27b-fp8	pairs/mbpp_369__lateralsurface_cuboid.ea4a5c4ae7947d1a.json
mbpp_369__lateralsurface_cuboid	369	off-by-one#1	qwen3.8-27b-fp8-v3	pairs/mbpp_369__lateralsurface_cuboid.ec6c6a841e729fad.json
mbpp_369__lateralsurface_cuboid	369	off-by-one	qwen2.5-coder-14b-v3-s1	pairs/mbpp_369__lateralsurface_cuboid.ee0cfad10cd9d0ae.json
mbpp_369__lateralsurface_cuboid	369	off-by-one#1	qwen2.5-coder-14b-v3-s7	pairs/mbpp_369__lateralsurface_cuboid.f038285e84d13bb7.json
mbpp_373__volume_cuboid	373	wrong-var#1	qwen3.8-27b-fp8	pairs/mbpp_373__volume_cuboid.c3fec1e3b2cc98f1.json
mbpp_373__volume_cuboid	373	wrong-var	qwen3.8-27b-fp8	pairs/mbpp_373__volume_cuboid.d31930e03ecf1729.json
mbpp_373__volume_cuboid	373	wrong-var#1	qwen2.5-coder-14b-v3-s4	pairs/mbpp_373__volume_cuboid.d92912067a99ae8d.json
mbpp_373__volume_cuboid	373	wrong-var	qwen2.5-coder-14b-v3-s4	pairs/mbpp_373__volume_cuboid.f21e9a4d6af8b29a.json
mbpp_379__surfacearea_cuboid	379	off-by-one	qwen3.8-27b-fp8-v3-s2	pairs/mbpp_379__surfacearea_cuboid.364876889f0bd610.json
mbpp_379__surfacearea_cuboid	379	off-by-one#1	qwen3.8-27b-fp8	pairs/mbpp_379__surfacearea_cuboid.572a1060ae11b933.json
mbpp_379__surfacearea_cuboid	379	off-by-one	qwen2.5-coder-14b-v3-s1	pairs/mbpp_379__surfacearea_cuboid.5e8747556d9474c3.json
mbpp_379__surfacearea_cuboid	379	off-by-one#1	qwen3.8-27b-fp8-v3-s2	pairs/mbpp_379__surfacearea_cuboid.6d4161ee4ec06cbb.json
mbpp_379__surfacearea_cuboid	379	off-by-one#1	qwen2.5-coder-14b-v3-s1	pairs/mbpp_379__surfacearea_cuboid.ac8dc97280bd671d.json
mbpp_379__surfacearea_cuboid	379	off-by-one	qwen3.8-27b-fp8	pairs/mbpp_379__surfacearea_cuboid.e8049f2f7ba78784.json
mbpp_404__minimum	404	negate-cond	deepseek-coder-v2-16b-v4-s1	pairs/mbpp_404__minimum.12eb992c40d1d7b5.json
mbpp_404__minimum	404	collapse-if	qwen3.8-27b-fp8	pairs/mbpp_404__minimum.1690ed3f1ab38361.json
mbpp_404__minimum	404	collapse-if	qwen3.8-27b-fp8-v3-s2	pairs/mbpp_404__minimum.46dcbb46277a6909.json
mbpp_404__minimum	404	negate-cond	qwen3.8-27b-fp8	pairs/mbpp_404__minimum.5541d88508403c42.json
mbpp_404__minimum	404	collapse-if	deepseek-coder-v2-16b-v4-s1	pairs/mbpp_404__minimum.6417390c0c537ee4.json
mbpp_404__minimum	404	negate-cond	qwen3.8-27b-fp8-v3-s2	pairs/mbpp_404__minimum.78f2c65ef959f3ee.json
mbpp_441__surfacearea_cube	441	off-by-one	deepseek-coder-v2-16b-v4-s1	pairs/mbpp_441__surfacearea_cube.0d99786dbec68803.json
mbpp_441__surfacearea_cube	441	off-by-one#1	qwen2.5-coder-14b-v3-s3	pairs/mbpp_441__surfacearea_cube.2592afe0eb6e548e.json
mbpp_441__surfacearea_cube	441	off-by-one#1	qwen3.8-27b-fp8-v3	pairs/mbpp_441__surfacearea_cube.2d10fdbe3a7dd3f9.json
mbpp_441__surfacearea_cube	441	off-by-one	qwen2.5-coder-14b-v3-s4	pairs/mbpp_441__surfacearea_cube.3185becab15d7a88.json
mbpp_441__surfacearea_cube	441	off-by-one#1	qwen3.8-27b-fp8-v3-s2	pairs/mbpp_441__surfacearea_cube.388891fabd0df09b.json
mbpp_441__surfacearea_cube	441	off-by-one#1	qwen2.5-coder-14b-v3-s4	pairs/mbpp_441__surfacearea_cube.3a1537d8464e8818.json
mbpp_441__surfacearea_cube	441	off-by-one#1	qwen2.5-coder-14b-v3-s1	pairs/mbpp_441__surfacearea_cube.3b6c3fa2c1f164b6.json
mbpp_441__surfacearea_cube	441	off-by-one	qwen2.5-coder-14b-v3-s1	pairs/mbpp_441__surfacearea_cube.6fbd962a33e1562b.json
mbpp_441__surfacearea_cube	441	off-by-one#1	deepseek-coder-v2-16b-v4-s1	pairs/mbpp_441__surfacearea_cube.82a94ffdd888bf41.json
mbpp_441__surfacearea_cube	441	off-by-one#1	qwen3.8-27b-fp8	pairs/mbpp_441__surfacearea_cube.8f112af144e1cc75.json
mbpp_441__surfacearea_cube	441	off-by-one	qwen3.8-27b-fp8-v3	pairs/mbpp_441__surfacearea_cube.ad1d7d926a326183.json
mbpp_441__surfacearea_cube	441	off-by-one	qwen2.5-coder-14b-v3-s3	pairs/mbpp_441__surfacearea_cube.ad7e5a0c4372a117.json
mbpp_441__surfacearea_cube	441	off-by-one	qwen3.8-27b-fp8	pairs/mbpp_441__surfacearea_cube.cc501e96bdd2c342.json
mbpp_441__surfacearea_cube	441	off-by-one	qwen3.8-27b-fp8-v3-s2	pairs/mbpp_441__surfacearea_cube.d7b06719b991cc4f.json
mbpp_451__remove_whitespaces	451	compare-flip	qwen3.8-27b-fp8-v3-s2	pairs/mbpp_451__remove_whitespaces.4011bcb7413a14af.json
mbpp_451__remove_whitespaces	451	collapse-if	qwen3.8-27b-fp8-v3-s2	pairs/mbpp_451__remove_whitespaces.698faa388cfb4c40.json
mbpp_458__rectangle_area	458	wrong-var	qwen3.8-27b-fp8	pairs/mbpp_458__rectangle_area.046b2c4d9832ff33.json
mbpp_458__rectangle_area	458	wrong-var	qwen3.8-27b-fp8-v3	pairs/mbpp_458__rectangle_area.2475f7d85f267cf7.json
mbpp_458__rectangle_area	458	wrong-var#1	qwen3.8-27b-fp8-v3	pairs/mbpp_458__rectangle_area.2841a9d34d184dc0.json
mbpp_458__rectangle_area	458	wrong-var#1	qwen2.5-coder-14b-v3-s1	pairs/mbpp_458__rectangle_area.2889a11c9ecb386a.json
mbpp_458__rectangle_area	458	wrong-var#1	deepseek-coder-v2-16b-v4-s1	pairs/mbpp_458__rectangle_area.488e41bd919a1eb8.json
mbpp_458__rectangle_area	458	wrong-var#1	qwen3.8-27b-fp8-v3-s2	pairs/mbpp_458__rectangle_area.4d9f195307c04b10.json
mbpp_458__rectangle_area	458	wrong-var#1	qwen3.8-27b-fp8	pairs/mbpp_458__rectangle_area.72186c227bbf0ada.json
mbpp_458__rectangle_area	458	wrong-var	qwen2.5-coder-14b-v3-s1	pairs/mbpp_458__rectangle_area.7838c97f13f9518c.json
mbpp_458__rectangle_area	458	wrong-var	qwen3.8-27b-fp8-v3-s2	pairs/mbpp_458__rectangle_area.d6d213a001f390f0.json
mbpp_458__rectangle_area	458	wrong-var	qwen2.5-coder-14b-v3-s2	pairs/mbpp_458__rectangle_area.f768b52c3fdae01a.json
mbpp_458__rectangle_area	458	wrong-var#1	qwen2.5-coder-14b-v3-s2	pairs/mbpp_458__rectangle_area.fb250762ffddf621.json
mbpp_458__rectangle_area	458	wrong-var	deepseek-coder-v2-16b-v4-s1	pairs/mbpp_458__rectangle_area.fc6711bc614e2a45.json
mbpp_495__remove_lowercase	495	compare-flip	qwen3.8-27b-fp8-v3-s2	pairs/mbpp_495__remove_lowercase.5606e26a3f22d36c.json
mbpp_495__remove_lowercase	495	collapse-if	qwen3.8-27b-fp8-v3-s2	pairs/mbpp_495__remove_lowercase.ed38951c6d91c7cb.json
mbpp_498__gcd	498	collapse-if#1	qwen3.8-27b-fp8	pairs/mbpp_498__gcd.509d1889f945bff0.json
mbpp_498__gcd	498	collapse-if	qwen3.8-27b-fp8	pairs/mbpp_498__gcd.835fb75b5a8f9943.json
mbpp_499__diameter_circle	499	off-by-one	qwen2.5-coder-14b-v3-s2	pairs/mbpp_499__diameter_circle.1d40594460f0069c.json
mbpp_499__diameter_circle	499	off-by-one#1	qwen2.5-coder-14b-v3-s2	pairs/mbpp_499__diameter_circle.29962e9b43f44d97.json
mbpp_499__diameter_circle	499	off-by-one	qwen3.8-27b-fp8	pairs/mbpp_499__diameter_circle.e1803095f6b63b59.json
mbpp_499__diameter_circle	499	off-by-one#1	qwen3.8-27b-fp8	pairs/mbpp_499__diameter_circle.f12343e4546b241d.json
mbpp_504__sum_Of_Series	504	compare-flip	qwen3.8-27b-fp8-v3-s2	pairs/mbpp_504__sum_Of_Series.19fcbbd4402af245.json
mbpp_504__sum_Of_Series	504	boundary-swap	qwen3.8-27b-fp8-v3-s2	pairs/mbpp_504__sum_Of_Series.3ed52dc43c89138e.json
mbpp_509__average_Odd	509	off-by-one#2	qwen3.8-27b-fp8-v3	pairs/mbpp_509__average_Odd.96d69d26cc760da0.json
mbpp_509__average_Odd	509	off-by-one#1	qwen3.8-27b-fp8-v3	pairs/mbpp_509__average_Odd.d87250c0408e1d40.json
mbpp_52__parallelogram_area	52	wrong-var#1	qwen2.5-coder-14b-v3-s4	pairs/mbpp_52__parallelogram_area.11a9665577a1de9e.json
mbpp_52__parallelogram_area	52	wrong-var#1	qwen2.5-coder-14b-v3-s1	pairs/mbpp_52__parallelogram_area.1bb5182c084f7e60.json
mbpp_52__parallelogram_area	52	wrong-var	qwen2.5-coder-14b-v3-s4	pairs/mbpp_52__parallelogram_area.792a4e9d7191e7bb.json
mbpp_52__parallelogram_area	52	wrong-var#1	qwen3.8-27b-fp8	pairs/mbpp_52__parallelogram_area.9754cf8a7f0aeded.json
mbpp_52__parallelogram_area	52	wrong-var	qwen3.8-27b-fp8	pairs/mbpp_52__parallelogram_area.992726521cb0d120.json
mbpp_52__parallelogram_area	52	wrong-var	qwen2.5-coder-14b-v3-s1	pairs/mbpp_52__parallelogram_area.dbe0d68f39dca418.json
mbpp_542__fill_spaces	542	collapse-if	qwen3.8-27b-fp8-v3	pairs/mbpp_542__fill_spaces.950e8a485a2b037f.json
mbpp_542__fill_spaces	542	negate-cond	qwen3.8-27b-fp8-v3	pairs/mbpp_542__fill_spaces.bda74c58b4d8c17a.json
mbpp_577__last_Digit_Factorial	577	collapse-if#1	qwen3.8-27b-fp8-v3-s2	pairs/mbpp_577__last_Digit_Factorial.27dd0a70c0375521.json
mbpp_577__last_Digit_Factorial	577	collapse-if	qwen3.8-27b-fp8-v3-s2	pairs/mbpp_577__last_Digit_Factorial.4ad8f9c4d82d192e.json
mbpp_581__surface_Area	581	off-by-one	qwen2.5-coder-14b-v3-s6	pairs/mbpp_581__surface_Area.09f4edbc4c61aea5.json
mbpp_581__surface_Area	581	off-by-one#1	qwen3.8-27b-fp8	pairs/mbpp_581__surface_Area.14c6670f8f92fdb9.json
mbpp_581__surface_Area	581	off-by-one#1	qwen2.5-coder-14b-v3-s6	pairs/mbpp_581__surface_Area.35986b1b5a325b4e.json
mbpp_581__surface_Area	581	off-by-one	qwen3.8-27b-fp8	pairs/mbpp_581__surface_Area.50b4da3c713110c9.json
mbpp_581__surface_Area	581	off-by-one	qwen2.5-coder-14b-v3-s1	pairs/mbpp_581__surface_Area.813adfa8a715f70b.json
mbpp_581__surface_Area	581	off-by-one#1	qwen2.5-coder-14b-v3-s1	pairs/mbpp_581__surface_Area.8a86795c5aad3b78.json
mbpp_581__surface_Area	581	off-by-one#1	qwen3.8-27b-fp8-v3-s2	pairs/mbpp_581__surface_Area.baf038148a9ac6a5.json
mbpp_581__surface_Area	581	off-by-one	qwen2.5-coder-14b-v3-s2	pairs/mbpp_581__surface_Area.c1535b838330e4ef.json
mbpp_581__surface_Area	581	off-by-one#1	qwen2.5-coder-14b-v3-s3	pairs/mbpp_581__surface_Area.cbfc7dc902bbe4bb.json
mbpp_581__surface_Area	581	off-by-one#1	qwen2.5-coder-14b-v3-s2	pairs/mbpp_581__surface_Area.cd555274520c4202.json
mbpp_581__surface_Area	581	off-by-one	qwen3.8-27b-fp8-v3-s2	pairs/mbpp_581__surface_Area.fb5bf3ef449d1589.json
mbpp_581__surface_Area	581	off-by-one	qwen2.5-coder-14b-v3-s3	pairs/mbpp_581__surface_Area.fb87e916e5639888.json
mbpp_591__swap_List	591	off-by-one	qwen3.8-27b-fp8-v3	pairs/mbpp_591__swap_List.479b5b3768c4f9a2.json
mbpp_591__swap_List	591	off-by-one#1	qwen3.8-27b-fp8-v3	pairs/mbpp_591__swap_List.dc82f1d1460c6436.json
mbpp_59__is_octagonal	59	off-by-one	qwen2.5-coder-14b-v3-s1	pairs/mbpp_59__is_octagonal.2f0cc3b0b32c2f8d.json
mbpp_59__is_octagonal	59	off-by-one#1	qwen3.8-27b-fp8	pairs/mbpp_59__is_octagonal.3aaa2a56479e2f29.json
mbpp_59__is_octagonal	59	off-by-one	qwen3.8-27b-fp8	pairs/mbpp_59__is_octagonal.7334d3f06f9bede1.json
mbpp_59__is_octagonal	59	off-by-one#1	qwen2.5-coder-14b-v3-s1	pairs/mbpp_59__is_octagonal.ce655873a2163925.json
mbpp_625__swap_List	625	off-by-one#1	qwen3.8-27b-fp8-v3	pairs/mbpp_625__swap_List.1be654a541b7e643.json
mbpp_625__swap_List	625	off-by-one	qwen3.8-27b-fp8-v3	pairs/mbpp_625__swap_List.d0832f09aa634bf5.json
mbpp_631__replace_spaces	631	collapse-if	qwen3.8-27b-fp8-v3	pairs/mbpp_631__replace_spaces.2f5d8440a89b3150.json
mbpp_631__replace_spaces	631	collapse-if#1	qwen3.8-27b-fp8-v3-s2	pairs/mbpp_631__replace_spaces.37ac740c6e533653.json
mbpp_631__replace_spaces	631	negate-cond	qwen2.5-coder-14b-v3-s5	pairs/mbpp_631__replace_spaces.b19f24b0b05fdb28.json
mbpp_631__replace_spaces	631	collapse-if	qwen3.8-27b-fp8-v3-s2	pairs/mbpp_631__replace_spaces.ce567c6df9f97112.json
mbpp_631__replace_spaces	631	collapse-if#1	qwen3.8-27b-fp8-v3	pairs/mbpp_631__replace_spaces.df1befe9a7d8d52e.json
mbpp_631__replace_spaces	631	collapse-if	qwen2.5-coder-14b-v3-s5	pairs/mbpp_631__replace_spaces.f3d6174975bd776c.json
mbpp_646__No_of_cubes	646	off-by-one	qwen2.5-coder-14b-v3-s6	pairs/mbpp_646__No_of_cubes.464c4655db3773e1.json
mbpp_646__No_of_cubes	646	off-by-one	qwen2.5-coder-14b-v3-s1	pairs/mbpp_646__No_of_cubes.a63a96fb0fe59b5a.json
mbpp_646__No_of_cubes	646	off-by-one#1	qwen2.5-coder-14b-v3-s6	pairs/mbpp_646__No_of_cubes.c977aaf9f938f2bd.json
mbpp_646__No_of_cubes	646	off-by-one	qwen2.5-coder-14b-v3-s2	pairs/mbpp_646__No_of_cubes.c999cdab5ea053eb.json
mbpp_646__No_of_cubes	646	off-by-one#1	qwen2.5-coder-14b-v3-s1	pairs/mbpp_646__No_of_cubes.e6b1b65dda3f2996.json
mbpp_646__No_of_cubes	646	off-by-one#1	qwen2.5-coder-14b-v3-s2	pairs/mbpp_646__No_of_cubes.f7cab2f0353f7670.json
mbpp_654__rectangle_perimeter	654	off-by-one#1	qwen3.8-27b-fp8	pairs/mbpp_654__rectangle_perimeter.03dad01db0a04d00.json
mbpp_654__rectangle_perimeter	654	off-by-one#1	qwen3.8-27b-fp8-v3-s2	pairs/mbpp_654__rectangle_perimeter.04263c1417dcad46.json
mbpp_654__rectangle_perimeter	654	off-by-one	qwen2.5-coder-14b-v3-s1	pairs/mbpp_654__rectangle_perimeter.1aba247efe212c17.json
mbpp_654__rectangle_perimeter	654	off-by-one	deepseek-coder-v2-16b-v4-s1	pairs/mbpp_654__rectangle_perimeter.4c83b6af67583774.json
mbpp_654__rectangle_perimeter	654	off-by-one	qwen3.8-27b-fp8-v3	pairs/mbpp_654__rectangle_perimeter.5a23b2408bf7e8db.json
mbpp_654__rectangle_perimeter	654	off-by-one	qwen2.5-coder-14b-v3-s5	pairs/mbpp_654__rectangle_perimeter.6bfe27681812253c.json
mbpp_654__rectangle_perimeter	654	off-by-one#1	deepseek-coder-v2-16b-v4-s1	pairs/mbpp_654__rectangle_perimeter.c89b9306e32c998f.json
mbpp_654__rectangle_perimeter	654	off-by-one#1	qwen2.5-coder-14b-v3-s1	pairs/mbpp_654__rectangle_perimeter.e1b8502faf8d9558.json
mbpp_654__rectangle_perimeter	654	off-by-one	qwen3.8-27b-fp8-v3-s2	pairs/mbpp_654__rectangle_perimeter.e96aafd4aea1eb7c.json
mbpp_654__rectangle_perimeter	654	off-by-one	qwen3.8-27b-fp8	pairs/mbpp_654__rectangle_perimeter.f18e75c8559c4244.json
mbpp_654__rectangle_perimeter	654	off-by-one#1	qwen3.8-27b-fp8-v3	pairs/mbpp_654__rectangle_perimeter.f82d352ddad3cd8e.json
mbpp_654__rectangle_perimeter	654	off-by-one#1	qwen2.5-coder-14b-v3-s5	pairs/mbpp_654__rectangle_perimeter.f98f5841b0228295.json
mbpp_676__remove_extra_char	676	collapse-if	deepseek-coder-v2-16b-v4-s2	pairs/mbpp_676__remove_extra_char.9fd753400204017a.json
mbpp_676__remove_extra_char	676	negate-cond	deepseek-coder-v2-16b-v4-s2	pairs/mbpp_676__remove_extra_char.b0f3a118ebca0c7c.json
mbpp_676__remove_extra_char	676	negate-cond	qwen2.5-coder-14b-v3-s5	pairs/mbpp_676__remove_extra_char.c0a36dc94b9860dd.json
mbpp_676__remove_extra_char	676	collapse-if	qwen2.5-coder-14b-v3-s5	pairs/mbpp_676__remove_extra_char.d6cbdae66d8e3d2e.json
mbpp_716__rombus_perimeter	716	off-by-one	qwen3.8-27b-fp8	pairs/mbpp_716__rombus_perimeter.29d2785c458ba2ac.json
mbpp_716__rombus_perimeter	716	off-by-one	qwen2.5-coder-14b-v3-s1	pairs/mbpp_716__rombus_perimeter.9c7d297caf4f4ebb.json
mbpp_716__rombus_perimeter	716	off-by-one#1	qwen3.8-27b-fp8	pairs/mbpp_716__rombus_perimeter.ed535ab039d530e6.json
mbpp_716__rombus_perimeter	716	off-by-one#1	qwen2.5-coder-14b-v3-s1	pairs/mbpp_716__rombus_perimeter.ee0bd81f32ecb770.json
mbpp_728__sum_list	728	compare-flip	qwen2.5-coder-14b-v3-s1	pairs/mbpp_728__sum_list.044abb6fa57a4682.json
mbpp_728__sum_list	728	boundary-swap	qwen2.5-coder-14b-v3-s1	pairs/mbpp_728__sum_list.351343605dbdddd3.json
mbpp_728__sum_list	728	boundary-swap	qwen3.8-27b-fp8-v3	pairs/mbpp_728__sum_list.4fbc514367f64b66.json
mbpp_728__sum_list	728	compare-flip	qwen3.8-27b-fp8-v3	pairs/mbpp_728__sum_list.62f8c12e1c7792dc.json
mbpp_732__replace_specialchar	732	collapse-if	qwen3.8-27b-fp8-v3	pairs/mbpp_732__replace_specialchar.13fd4d7710317cd9.json
mbpp_732__replace_specialchar	732	negate-cond	qwen3.8-27b-fp8-v3-s2	pairs/mbpp_732__replace_specialchar.312ba40158a1252f.json
mbpp_732__replace_specialchar	732	negate-cond	qwen3.8-27b-fp8-v3	pairs/mbpp_732__replace_specialchar.8d60fda11e928ffb.json
mbpp_732__replace_specialchar	732	collapse-if	qwen3.8-27b-fp8-v3-s2	pairs/mbpp_732__replace_specialchar.ee8111da1a924b57.json
mbpp_733__find_first_occurrence	733	collapse-if	qwen3.8-27b-fp8	pairs/mbpp_733__find_first_occurrence.01387f7269c5dcb3.json
mbpp_733__find_first_occurrence	733	collapse-if	qwen2.5-coder-14b-v3-s3	pairs/mbpp_733__find_first_occurrence.3f617888610f2e48.json
mbpp_733__find_first_occurrence	733	negate-cond	qwen2.5-coder-14b-v3-s1	pairs/mbpp_733__find_first_occurrence.42e8cb16bda32e69.json
mbpp_733__find_first_occurrence	733	negate-cond	qwen2.5-coder-14b-v3-s7	pairs/mbpp_733__find_first_occurrence.4b82f0df75e3cb37.json
mbpp_733__find_first_occurrence	733	collapse-if	qwen2.5-coder-14b-v3-s1	pairs/mbpp_733__find_first_occurrence.8696dd07c470aefc.json
mbpp_733__find_first_occurrence	733	negate-cond	qwen3.8-27b-fp8	pairs/mbpp_733__find_first_occurrence.9d922a1e7e383d77.json
mbpp_733__find_first_occurrence	733	collapse-if	qwen2.5-coder-14b-v3-s7	pairs/mbpp_733__find_first_occurrence.e29a74138d346a5f.json
mbpp_733__find_first_occurrence	733	negate-cond	qwen2.5-coder-14b-v3-s3	pairs/mbpp_733__find_first_occurrence.e631ed579658f959.json
mbpp_789__perimeter_polygon	789	wrong-var#1	qwen3.8-27b-fp8	pairs/mbpp_789__perimeter_polygon.0fe30e8da56dda84.json
mbpp_789__perimeter_polygon	789	wrong-var#1	qwen2.5-coder-14b-v3-s4	pairs/mbpp_789__perimeter_polygon.1129a3a80c8a584d.json
mbpp_789__perimeter_polygon	789	wrong-var#1	deepseek-coder-v2-16b-v4-s1	pairs/mbpp_789__perimeter_polygon.1f1976e0ef8c8f2b.json
mbpp_789__perimeter_polygon	789	wrong-var	qwen2.5-coder-14b-v3-s1	pairs/mbpp_789__perimeter_polygon.574dac873b38b5d0.json
mbpp_789__perimeter_polygon	789	wrong-var	qwen2.5-coder-14b-v3-s4	pairs/mbpp_789__perimeter_polygon.6f6dba9e88d3a548.json
mbpp_789__perimeter_polygon	789	wrong-var	qwen2.5-coder-14b-v3-s6	pairs/mbpp_789__perimeter_polygon.6fcc9435939798c2.json
mbpp_789__perimeter_polygon	789	wrong-var	qwen3.8-27b-fp8	pairs/mbpp_789__perimeter_polygon.ae215878a64cbbc8.json
mbpp_789__perimeter_polygon	789	wrong-var	deepseek-coder-v2-16b-v4-s1	pairs/mbpp_789__perimeter_polygon.d04660c79f7f63ae.json
mbpp_789__perimeter_polygon	789	wrong-var#1	qwen2.5-coder-14b-v3-s6	pairs/mbpp_789__perimeter_polygon.e6a2c72857ffdcb5.json
mbpp_789__perimeter_polygon	789	wrong-var	qwen2.5-coder-14b-v3-s2	pairs/mbpp_789__perimeter_polygon.e874107ec24ccb6d.json
mbpp_789__perimeter_polygon	789	wrong-var#1	qwen2.5-coder-14b-v3-s1	pairs/mbpp_789__perimeter_polygon.ed8de3dccee4ac3a.json
mbpp_789__perimeter_polygon	789	wrong-var#1	qwen2.5-coder-14b-v3-s2	pairs/mbpp_789__perimeter_polygon.f23a2c26f2dbf586.json
mbpp_801__test_three_equal	801	collapse-if#1	qwen2.5-coder-14b-v3-s1	pairs/mbpp_801__test_three_equal.2d8ca840a06c50fe.json
mbpp_801__test_three_equal	801	collapse-if	qwen2.5-coder-14b-v3-s4	pairs/mbpp_801__test_three_equal.86ddef867194f46d.json
mbpp_801__test_three_equal	801	collapse-if#1	qwen2.5-coder-14b-v3-s4	pairs/mbpp_801__test_three_equal.8a67d0eb17c0ffc1.json
mbpp_801__test_three_equal	801	collapse-if	qwen2.5-coder-14b-v3-s1	pairs/mbpp_801__test_three_equal.ff16dc1874ec78e1.json
mbpp_865__ntimes_list	865	compare-flip	qwen2.5-coder-14b-v3-s6	pairs/mbpp_865__ntimes_list.1e5ba6b1279e54fe.json
mbpp_865__ntimes_list	865	compare-flip	qwen3.8-27b-fp8-v3	pairs/mbpp_865__ntimes_list.83a742340e72f5a5.json
mbpp_865__ntimes_list	865	boundary-swap	qwen2.5-coder-14b-v3-s4	pairs/mbpp_865__ntimes_list.88df45cdc1df5204.json
mbpp_865__ntimes_list	865	boundary-swap	qwen2.5-coder-14b-v3-s6	pairs/mbpp_865__ntimes_list.92913f162ea6c57b.json
mbpp_865__ntimes_list	865	boundary-swap	qwen3.8-27b-fp8-v3-s2	pairs/mbpp_865__ntimes_list.9526ad78e5755499.json
mbpp_865__ntimes_list	865	compare-flip	qwen3.8-27b-fp8-v3-s2	pairs/mbpp_865__ntimes_list.9eeb9dc582707616.json
mbpp_865__ntimes_list	865	compare-flip	qwen2.5-coder-14b-v3-s4	pairs/mbpp_865__ntimes_list.cd4f76fcea577694.json
mbpp_865__ntimes_list	865	boundary-swap	qwen3.8-27b-fp8-v3	pairs/mbpp_865__ntimes_list.f49a3f1d18cbeafc.json
mbpp_873__fibonacci	873	collapse-if	qwen3.8-27b-fp8	pairs/mbpp_873__fibonacci.16b2cca0563bc210.json
mbpp_873__fibonacci	873	collapse-if	qwen2.5-coder-14b-v3-s5	pairs/mbpp_873__fibonacci.539648f9ef3cd8ff.json
mbpp_873__fibonacci	873	collapse-if	qwen2.5-coder-14b-v3-s2	pairs/mbpp_873__fibonacci.5a2d6dbbc00d75ee.json
mbpp_873__fibonacci	873	collapse-if#1	qwen2.5-coder-14b-v3-s5	pairs/mbpp_873__fibonacci.662fdc8faec2ae2b.json
mbpp_873__fibonacci	873	negate-cond	qwen3.8-27b-fp8	pairs/mbpp_873__fibonacci.b242512add517ec5.json
mbpp_873__fibonacci	873	negate-cond	qwen2.5-coder-14b-v3-s2	pairs/mbpp_873__fibonacci.cb2bfe48d1753440.json
mbpp_890__find_Extra	890	wrong-constant	qwen3.8-27b-fp8-v3-s2	pairs/mbpp_890__find_Extra.02d1baee23dd63ba.json
mbpp_890__find_Extra	890	wrong-constant#1	qwen3.8-27b-fp8-v3-s2	pairs/mbpp_890__find_Extra.b0be65a7cd26ae84.json
mbpp_89__closest_num	89	off-by-one	qwen3.8-27b-fp8	pairs/mbpp_89__closest_num.57a9ba3afb6c4e35.json
mbpp_89__closest_num	89	off-by-one#1	qwen3.8-27b-fp8	pairs/mbpp_89__closest_num.73991f6e1b55b2ad.json
mbpp_89__closest_num	89	off-by-one	qwen2.5-coder-14b-v3-s5	pairs/mbpp_89__closest_num.871d532c3a69c017.json
mbpp_89__closest_num	89	off-by-one#1	qwen2.5-coder-14b-v3-s5	pairs/mbpp_89__closest_num.9fee4763f3a90b9d.json
mbpp_8__square_nums	8	boundary-swap	qwen2.5-coder-14b-v3-s1	pairs/mbpp_8__square_nums.28578060986ec360.json
mbpp_8__square_nums	8	compare-flip	qwen2.5-coder-14b-v3-s3	pairs/mbpp_8__square_nums.3e24a3d3e63bfaa4.json
mbpp_8__square_nums	8	boundary-swap	qwen3.8-27b-fp8-v3	pairs/mbpp_8__square_nums.4de3428d20bf56c6.json
mbpp_8__square_nums	8	compare-flip	qwen2.5-coder-14b-v3-s5	pairs/mbpp_8__square_nums.95cd89ddb2edb937.json
mbpp_8__square_nums	8	boundary-swap	qwen2.5-coder-14b-v3-s3	pairs/mbpp_8__square_nums.a4d2ed5e7f8946ae.json
mbpp_8__square_nums	8	boundary-swap	qwen2.5-coder-14b-v3-s5	pairs/mbpp_8__square_nums.b4be6a497686ce6a.json
mbpp_8__square_nums	8	compare-flip	qwen2.5-coder-14b-v3-s1	pairs/mbpp_8__square_nums.cbd7fd9daa21b449.json
mbpp_8__square_nums	8	compare-flip	qwen3.8-27b-fp8-v3	pairs/mbpp_8__square_nums.fb241bcdf40ce59b.json
mbpp_924__max_of_two	924	negate-cond	qwen3.8-27b-fp8-v3-s2	pairs/mbpp_924__max_of_two.6b7776eb377a92d1.json
mbpp_924__max_of_two	924	collapse-if	qwen2.5-coder-14b-v3-s1	pairs/mbpp_924__max_of_two.8524a09baa2a8954.json
mbpp_924__max_of_two	924	negate-cond	qwen3.8-27b-fp8	pairs/mbpp_924__max_of_two.8e85e70f4331fe10.json
mbpp_924__max_of_two	924	collapse-if	qwen3.8-27b-fp8	pairs/mbpp_924__max_of_two.a6cb1ec146f5cd71.json
mbpp_924__max_of_two	924	negate-cond	qwen2.5-coder-14b-v3-s1	pairs/mbpp_924__max_of_two.d498c4cc39c89296.json
mbpp_924__max_of_two	924	collapse-if	qwen3.8-27b-fp8-v3-s2	pairs/mbpp_924__max_of_two.f6c91d5b9fdee48a.json
mbpp_960__get_noOfways	960	collapse-if	qwen2.5-coder-14b-v3-s3	pairs/mbpp_960__get_noOfways.c3e15d6178ed0115.json
mbpp_960__get_noOfways	960	collapse-if#1	qwen2.5-coder-14b-v3-s3	pairs/mbpp_960__get_noOfways.d9adee860a1d9ad3.json
