# file	line	col	rule
# one row per t/check_wf.py RULES key a malformed .t file in this directory can trigger (ROADMAP 14.2, the well-formedness side); t/test_wf_errors.py checks every row against surface.check_file(file). Keys with no row here are grammar-unreachable -- see the UNREACHABLE table in the generator this file was built from (t/test_wf_errors.py's own docstring names them and why).
wf-arith-int.t	3	10	arith-int
wf-assign-target.t	3	3	assign-target
wf-assign-type.t	3	3	assign-type
wf-at-types.t	3	9	at-types
wf-bool-cond.t	3	3	bool-cond
wf-bool-lit-v1.t	1	45	bool-lit-v1
wf-bool-op.t	4	6	bool-op
wf-call-argtype.t	4	8	call-argtype
wf-call-arity.t	4	8	call-arity
wf-call-unknown.t	3	8	call-unknown
wf-cmp-int.t	1	45	cmp-int
wf-comp-cond.t	3	8	comp-cond
wf-comp-seq.t	3	8	comp-seq
wf-ctor-arity.t	4	8	ctor-arity
wf-ctor-dup.t	1	1	ctor-dup
wf-decreases-selfcall.t	1	1	decreases-selfcall
wf-ensures-bool.t	1	45	ensures-bool
wf-ensures-nonempty.t	1	1	ensures-nonempty
wf-eq-types.t	3	8	eq-types
wf-fill-types.t	3	8	fill-types
wf-ite-branches.t	3	8	ite-branches
wf-lemma-body.t	5	9	lemma-body
wf-lemma-call.t	6	3	lemma-call
wf-lemma-decreases.t	2	1	lemma-decreases
wf-lemma-name.t	2	1	lemma-name
wf-lemma-order.t	2	1	lemma-order
wf-len-nonseq.t	3	8	len-nonseq
wf-lib-types.t	3	8	lib-types
wf-local-shadow.t	3	7	local-shadow
wf-local-v0.t	3	7	local-v0
wf-loop-decreases.t	4	3	loop-decreases
wf-loop-invariant-bool.t	4	3	loop-invariant-bool
wf-match-arity.t	4	8	match-arity
wf-match-branches.t	4	8	match-branches
wf-match-coverage.t	4	8	match-coverage
wf-match-scrutinee.t	3	8	match-scrutinee
wf-method-call-position.t	7	10	method-call-position
wf-method-decreases.t	2	1	method-decreases
wf-method-name.t	2	1	method-name
wf-method-order.t	2	1	method-order
wf-no-self-in-ensures.t	1	1	no-self-in-ensures
wf-op-unknown.t	3	10	op-unknown
wf-proj-index.t	4	9	proj-index
wf-proj-nonpair.t	3	9	proj-nonpair
wf-quant-body.t	1	45	quant-body
wf-quant-bounds.t	1	45	quant-bounds
wf-quant-shadow.t	1	45	quant-shadow
wf-real-conv.t	3	8	real-conv
wf-requires-bool.t	1	46	requires-bool
wf-return-unreachable.t	3	3	return-unreachable
wf-return-v0.t	3	3	return-v0
wf-seq-lit-mixed.t	3	8	seq-lit-mixed
wf-set-lit-types.t	3	13	set-lit-types
wf-set-types.t	3	8	set-types
wf-slice-types.t	3	9	slice-types
wf-spec-fun-body-type.t	2	1	spec-fun-body-type
wf-spec-fun-decreases-int.t	2	1	spec-fun-decreases-int
wf-strlib-types.t	3	9	strlib-types
wf-unbound.t	3	8	unbound
wf-update-types.t	3	9	update-types
wf-v0-frozen.t	1	1	v0-frozen
wf-v0-int-only.t	1	1	v0-int-only
wf-v1-expr-v0.t	3	8	v1-expr-v0
wf-while-v0.t	3	3	while-v0
wf-exit-outside-loop.t	5	3	exit-outside-loop
wf-exit-unreachable.t	6	5	exit-unreachable
wf-loop-exit.t	5	3	loop-exit
